fabric_type,care_label,water_temperature,dehydration_type,r,g,b,h,s,v,cluster
Denim,Normal,30,Mid,0.3098039215686274,0.3098039215686274,0.3098039215686274,96.70588235294116,64.8854961832061,51.37254901960784,0
Denim,Normal,30,Mid,0.592156862745098,0.592156862745098,0.592156862745098,93.6986301369863,62.66094420600859,91.37254901960785,0
