fabric_type,care_label,water_temperature,dehydration_type,r,g,b,h,s,v,cluster
Cotton,Normal,30,Light,0.3333333333333333,0.3333333333333333,0.3333333333333333,269.3103448275862,100.0,68.23529411764706,1
Polyester,Normal,30,,0.8313725490196079,0.8313725490196079,0.8313725490196079,317.8723404255319,44.33962264150944,83.13725490196079,1
