fabric_type,care_label,water_temperature,dehydration_type,r,g,b,h,s,v
Rayon,Dry,X,,0.1843137254901961,0.1843137254901961,0.1843137254901961,183.46820809248555,78.63636363636364,86.27450980392157
Rayon,Dry,X,,0.6666666666666666,0.6666666666666666,0.6666666666666666,46.99300699300699,84.11764705882354,66.66666666666666
