fabric_type,care_label,water_temperature,dehydration_type,r,g,b,h,s,v
Wool,Hand wash only,X,,0.9647058823529412,0.9647058823529412,0.9647058823529412,22.066115702479333,98.3739837398374,96.47058823529412
Acrylic,Hand wash only,X,Light,0.6313725490196078,0.6313725490196078,0.6313725490196078,318.9130434782609,57.14285714285714,63.13725490196078
Linen,Hand wash only,X,,0.4705882352941176,0.4705882352941176,0.4705882352941176,271.95652173913044,56.44171779141104,63.921568627450974
Linen,Hand wash only,X,,0.9450980392156862,0.9450980392156862,0.9450980392156862,326.42201834862385,90.45643153526972,94.50980392156862
